Price;Close;High;Low;Open;Volume
Ticker;TSLA;TSLA;TSLA;TSLA;TSLA
Date;;;;;
2010-06-28 00.00.00;1,279999971;2,028000116;1,24733305;1,719333053;458185500
2010-07-05 00.00.00;1,159999967;1,333333015;0,998667002;1,333333015;383259000
2010-07-12 00.00.00;1,376000047;1,433333039;1,126667023;1,196666956;231583500
2010-07-19 00.00.00;1,419332981;1,483332992;1,299999952;1,424667001;107635500
2010-07-26 00.00.00;1,329332948;1,433333039;1,303333044;1,433333039;45780000
2010-08-02 00.00.00;1,305999994;1,478667021;1,301332951;1,366667032;65995500
2010-08-09 00.00.00;1,221333027;1,332000017;1,159332991;1,326666951;63249000
2010-08-16 00.00.00;1,273332953;1,305999994;1,217332959;1,230000019;36151500
2010-08-23 00.00.00;1,313333035;1,359333038;1,237333059;1,27266705;46168500
2010-08-30 00.00.00;1,403332949;1,419999957;1,288666964;1,313333035;35257500
2010-09-06 00.00.00;1,344666958;1,403332949;1,317332983;1,373999953;19419000
2010-09-13 00.00.00;1,348667026;1,54400003;1,320000052;1,392667055;83746500
2010-09-20 00.00.00;1,340000033;1,436666965;1,299999952;1,378000021;59301000
2010-09-27 00.00.00;1,373332977;1,476667047;1,336666942;1,360000014;95938500
2010-10-04 00.00.00;1,361999989;1,418666959;1,353332996;1,361999989;25467000
2010-10-11 00.00.00;1,369333029;1,40199995;1,33533299;1,362666965;19693500
2010-10-18 00.00.00;1,381332994;1,396667004;1,333333015;1,368000031;19480500
2010-10-25 00.00.00;1,45599997;1,457999945;1,367333055;1,396000028;24610500
2010-11-01 00.00.00;1,629333019;1,688667059;1,403332949;1,462666988;60538500
2010-11-08 00.00.00;1,989333034;2,033333063;1,601999998;1,633332968;138012000
2010-11-15 00.00.00;2,065999985;2,196000099;1,894667029;2,014667034;102406500
2010-11-22 00.00.00;2,354666948;2,400000095;2,099999905;2,104666948;73246500
2010-11-29 00.00.00;2,099333048;2,427999973;2,058000088;2,36066699;117517500
2010-12-06 00.00.00;2,101332903;2,194667101;1,970667005;2,089999914;61216500
2010-12-13 00.00.00;2,090667009;2,118000031;1,850667;2,109333038;67831500
2010-12-20 00.00.00;2,006000042;2,190666914;1,994667053;2,109333038;55305000
2010-12-27 00.00.00;1,775333047;1,905333042;1,666666985;1,868000031;302046000
2011-01-03 00.00.00;1,882666945;1,905333042;1,726667047;1,789332986;123393000
2011-01-10 00.00.00;1,716667056;1,914000034;1,707332969;1,878000021;88993500
2011-01-17 00.00.00;1,536000013;1,709332943;1,491333008;1,698667049;112351500
2011-01-24 00.00.00;1,600667;1,672000051;1,548666954;1,568667054;89109000
2011-01-31 00.00.00;1,56400001;1,648666978;1,543333054;1,603332996;47454000
2011-02-07 00.00.00;1,549999952;1,683333039;1,519333005;1,550667048;127593000
2011-02-14 00.00.00;1,545333028;1,699332952;1,503999949;1,575999975;170115000
2011-02-21 00.00.00;1,574000001;1,590000033;1,407333016;1,525333047;91077000
2011-02-28 00.00.00;1,663333058;1,666000009;1,566666961;1,582666993;75618000
2011-03-07 00.00.00;1,604666948;1,69333303;1,568667054;1,661999941;94591500
2011-03-14 00.00.00;1,530666947;1,600000024;1,45333302;1,588000059;78975000
2011-03-21 00.00.00;1,516667008;1,536666989;1,451333046;1,536666989;36714000
2011-03-28 00.00.00;1,777333021;1,914000034;1,503332973;1,513332963;261291000
2011-04-04 00.00.00;1,766000032;1,862666965;1,682000041;1,788666964;177528000
2011-04-11 00.00.00;1,705332994;1,768666983;1,613332987;1,764667034;87978000
2011-04-18 00.00.00;1,782667041;1,798666954;1,623999953;1,675333023;57088500
2011-04-25 00.00.00;1,840000033;1,85800004;1,731333017;1,779999971;82857000
2011-05-02 00.00.00;1,807999969;1,853332996;1,716667056;1,840000033;74148000
2011-05-09 00.00.00;1,836666942;1,929999948;1,776666999;1,799999952;70555500
2011-05-16 00.00.00;1,864667058;1,896000028;1,701333046;1,866000056;93255000
2011-05-23 00.00.00;1,970000029;1,983999968;1,744667053;1,841333032;167916000
2011-05-30 00.00.00;2,008666992;2,099999905;1,89199996;1,979333043;180238500
2011-06-06 00.00.00;1,857332945;2,008666992;1,801332951;2,006666899;126283500
2011-06-13 00.00.00;1,766667008;1,980000019;1,715999961;1,871333003;122820000
2011-06-20 00.00.00;1,838000059;1,883332968;1,700000048;1,75266695;139318500
2011-06-27 00.00.00;1,934666991;1,973333001;1,820667028;1,848667026;89430000
2011-07-04 00.00.00;1,920667052;2;1,903332949;1,934666991;67371000
2011-07-11 00.00.00;1,838667035;1,939332962;1,816666961;1,893332958;74328000
2011-07-18 00.00.00;1,952666998;2,029333115;1,775333047;1,822667003;97819500
2011-07-25 00.00.00;1,878000021;1,950000048;1,833333015;1,934000015;64189500
2011-08-01 00.00.00;1,616000056;1,946666956;1,521999955;1,911332965;143065500
2011-08-08 00.00.00;1,753999949;1,809332967;1,539999962;1,539999962;110275500
2011-08-15 00.00.00;1,486667037;1,783332944;1,466667056;1,774667025;65278500
2011-08-22 00.00.00;1,582000017;1,596667051;1,433333039;1,540667057;59715000
2011-08-29 00.00.00;1,537999988;1,700000048;1,511999965;1,614667058;54171000
2011-09-05 00.00.00;1,53133297;1,601999998;1,485999942;1,5;36660000
2011-09-12 00.00.00;1,720000029;1,722666979;1,496667027;1,5;61554000
2011-09-19 00.00.00;1,758666992;1,79666698;1,588000059;1,663333058;78864000
2011-09-26 00.00.00;1,626000047;1,799332976;1,565999985;1,768000007;68974500
2011-10-03 00.00.00;1,799332976;1,840000033;1,528666973;1,663333058;98005500
2011-10-10 00.00.00;1,870000005;1,903332949;1,799999952;1,820667028;75999000
2011-10-17 00.00.00;1,868667006;1,895333052;1,780666947;1,857332945;70341000
2011-10-24 00.00.00;1,991333008;2;1,826666951;1,85800004;63583500
2011-10-31 00.00.00;2,154000044;2,165999889;1,866667032;1,966667056;122806500
2011-11-07 00.00.00;2,24266696;2,299999952;2,019999981;2,109333038;120052500
2011-11-14 00.00.00;2,17333293;2,333333015;2,169332981;2,200000048;94530000
2011-11-21 00.00.00;2,11066699;2,186000109;2,069999933;2,162667036;36834000
2011-11-28 00.00.00;2,220000029;2,266000032;2,108666897;2,133332968;57984000
2011-12-05 00.00.00;2,069333076;2,333333015;1,973999977;2,235332966;109972500
2011-12-12 00.00.00;1,866667032;2,062000036;1,865332961;2,029333115;69700500
2011-12-19 00.00.00;1,860000014;1,899999976;1,735332966;1,872666955;77049000
2011-12-26 00.00.00;1,904000044;1,95599997;1,842666984;1,843999982;32710500
2012-01-02 00.00.00;1,79400003;1,966667056;1,760666966;1,929332972;53250000
2012-01-09 00.00.00;1,519333005;1,907999992;1,509333014;1,799999952;127062000
2012-01-16 00.00.00;1,773332953;1,849333048;1,75;1,774667025;117306000
2012-01-23 00.00.00;1,955332994;1,981333017;1,762666941;1,787333012;61249500
2012-01-30 00.00.00;2,07666707;2,088666916;1,90199995;1,965999961;56682000
2012-02-06 00.00.00;2,073333025;2,193332911;1,989333034;2,073333025;81730500
2012-02-13 00.00.00;2,331332922;2,331332922;2,059999943;2,103332996;139903500
2012-02-20 00.00.00;2,25;2,331332922;2,166666985;2,324666977;68560500
2012-02-27 00.00.00;2,269332886;2,299999952;2,200000048;2,227333069;45111000
2012-03-05 00.00.00;2,315999985;2,354000092;2,174666882;2,289999962;53886000
2012-03-12 00.00.00;2,354666948;2,439332962;2,306667089;2,312666893;76759500
2012-03-19 00.00.00;2,272000074;2,354666948;2,210000038;2,350667;58242000
2012-03-26 00.00.00;2,482666969;2,663332939;2,335999966;2,372667074;124762500
2012-04-02 00.00.00;2,298666954;2,564666986;2,29399991;2,488667011;121768500
2012-04-09 00.00.00;2,239332914;2,298666954;2,134000063;2,273333073;94386000
2012-04-16 00.00.00;2,210666895;2,248667002;2,101999998;2,227333069;69523500
2012-04-23 00.00.00;2,222666979;2,242000103;2,06666708;2,190666914;49407000
2012-04-30 00.00.00;2,121999979;2,292666912;2,093333006;2,217999935;54885000
2012-05-07 00.00.00;2,150000095;2,312000036;1,957999945;2,130666971;194710500
2012-05-14 00.00.00;1,837332964;2,14199996;1,788666964;2,128000021;104838000
2012-05-21 00.00.00;1,987333059;2,089333057;1,807999969;1,838667035;103416000
2012-05-28 00.00.00;1,876667023;2,128667116;1,850667;2,000667095;74425500
2012-06-04 00.00.00;2,005332947;2,012666941;1,807332993;1,868667006;59173500
2012-06-11 00.00.00;1,993999958;2,06666708;1,907999992;2,020667076;53521500
2012-06-18 00.00.00;2,25266695;2,299999952;1,966667056;1,996000051;157932000
2012-06-25 00.00.00;2,085999966;2,274667025;2,04133296;2,262666941;107992500
2012-07-02 00.00.00;2,065999985;2,119999886;2,012666941;2,089999914;64513500
2012-07-09 00.00.00;2,283333063;2,293333054;2,044667006;2,062666893;71070000
2012-07-16 00.00.00;2,119333029;2,400000095;2,070667028;2,288000107;152994000
2012-07-23 00.00.00;1,967332959;2,086667061;1,842666984;2,069999933;144969000
2012-07-30 00.00.00;1,817999959;2,016666889;1,701333046;1,967332959;116208000
2012-08-06 00.00.00;1,996000051;2,059999943;1,836666942;1,836666942;99064500
2012-08-13 00.00.00;2,000667095;2,086667061;1,920667052;1,979333043;50491500
2012-08-20 00.00.00;1,966667056;2,056667089;1,933333039;2,00999999;84249000
2012-08-27 00.00.00;1,901332974;1,980000019;1,866667032;1,971333027;71823000
2012-09-03 00.00.00;1,956666946;1,971333027;1,853999972;1,901332974;47800500
2012-09-10 00.00.00;2,026000023;2,043333054;1,820000052;1,946666956;99970500
2012-09-17 00.00.00;2,001332998;2,185333014;1,969333053;2,156666994;132483000
2012-09-24 00.00.00;1,952000022;2,068666935;1,832000017;1,967332959;219172500
2012-10-01 00.00.00;1,925999999;2,006666899;1,909999967;1,966667056;77191500
2012-10-08 00.00.00;1,842666984;1,960000038;1,833333015;1,924000025;60367500
2012-10-15 00.00.00;1,849333048;1,932667017;1,790667057;1,868000031;65766000
2012-10-22 00.00.00;1,825332999;1,904000044;1,801332951;1,866000056;49360500
2012-10-29 00.00.00;1,927999973;1,970000029;1,824666977;1,846667051;42444000
2012-11-05 00.00.00;2,021332979;2,136667013;1,955332994;1,986667037;123366000
2012-11-12 00.00.00;2,122667074;2,141333103;2,010667086;2,019332886;64773000
2012-11-19 00.00.00;2,14199996;2,231333017;2,113332987;2,138000011;55626000
2012-11-26 00.00.00;2,254667044;2,286000013;2,101332903;2,140000105;81832500
2012-12-03 00.00.00;2,278000116;2,333333015;2,233333111;2,259332895;80029500
2012-12-10 00.00.00;2,253999949;2,386667013;2,18333292;2,295332909;116107500
2012-12-17 00.00.00;2,266666889;2,350667;2,238667011;2,251332998;91368000
2012-12-24 00.00.00;2,214667082;2,299999952;2,200000048;2,24266696;29286000
2012-12-31 00.00.00;2,293333054;2,363332987;2,200000048;2,200000048;48085500
2013-01-07 00.00.00;2,194000006;2,319999933;2,140666962;2,319999933;73645500
2013-01-14 00.00.00;2,301332951;2,323333025;2,190000057;2,205332994;133789500
2013-01-21 00.00.00;2,465332985;2,514667034;2,28399992;2,303999901;101140500
2013-01-28 00.00.00;2,553333044;2,580667019;2,457333088;2,457333088;95740500
2013-02-04 00.00.00;2,615999937;2,666666985;2,506000042;2,559999943;100017000
2013-02-11 00.00.00;2,469332933;2,609999895;2,463332891;2,532000065;142540500
2013-02-18 00.00.00;2,407332897;2,643332958;2,302666903;2,490667105;261127500
2013-02-25 00.00.00;2,309999943;2,450000048;2,253333092;2,410000086;166845000
2013-03-04 00.00.00;2,564666986;2,629333019;2,313333035;2,318000078;105976500
2013-03-11 00.00.00;2,352667093;2,632667065;2,347332954;2,591332912;134658000
2013-03-18 00.00.00;2,441333055;2,470666885;2,328000069;2,353332996;81361500
2013-03-25 00.00.00;2,526000023;2,568000078;2,451333046;2,473332882;99630000
2013-04-01 00.00.00;2,757999897;3,111999989;2,680666924;2,823999882;453175500
2013-04-08 00.00.00;2,916666985;3,009332895;2,688667059;2,798000097;181395000
2013-04-15 00.00.00;3,188667059;3,325333118;2,834000111;2,900000095;200398500
2013-04-22 00.00.00;3,413332939;3,582667112;3,18333292;3,24000001;250818000
2013-04-29 00.00.00;3,636667013;3,878667116;3,413332939;3,450666904;275013000
2013-05-06 00.00.00;5,117332935;5,400000095;3,674666882;3,759332895;1122228000
2013-05-13 00.00.00;6,099999905;6,474667072;5,207333088;5,399333;1756135500
2013-05-20 00.00.00;6,472000122;6,53000021;5,53666687;6,074666977;810915000
2013-05-27 00.00.00;6,517333031;7,659999847;6,515333176;6,769999981;1141456500
2013-06-03 00.00.00;6,802667141;6,860000134;5,883333206;6,507999897;906645000
2013-06-10 00.00.00;6,686666965;6,834667206;6,269999981;6,595333099;575124000
2013-06-17 00.00.00;6,636666775;7,142000198;6,5;6,906667233;693982500
2013-06-24 00.00.00;7,157332897;7,349999905;6,353332996;6,43333292;510969000
2013-07-01 00.00.00;8,005999565;8,126000404;7,276667118;7,290667057;518896500
2013-07-08 00.00.00;8,659999847;8,662667274;7,921332836;8,091333389;612678000
2013-07-15 00.00.00;7,978666782;8,883999825;6,966667175;8,868666649;1284175500
2013-07-22 00.00.00;8,626000404;8,711999893;7,970666885;7,992667198;589809000
2013-07-29 00.00.00;9,199999809;9,216667175;8,545332909;8,621333122;611266500
2013-08-05 00.00.00;10,19999981;10,59200001;8,824000359;9,333999634;1107628500
2013-08-12 00.00.00;9,466667175;10,03333282;9;9,961999893;789633000
2013-08-19 00.00.00;10,78933334;10,81999969;9,522000313;9,562000275;663697500
2013-08-26 00.00.00;11,26666737;11,53333282;10,6833334;11,01000023;1154137500
2013-09-02 00.00.00;11,13133335;11,57999992;11,01000023;11,56000042;582627000
2013-09-09 00.00.00;11,03600025;11,19333267;10,56733322;10,87466717;610590000
2013-09-16 00.00.00;12,22599983;12,38866711;10,89066696;11,19999981;712617000
2013-09-23 00.00.00;12,7266674;12,75199986;11,80733299;12,29866695;528454500
2013-09-30 00.00.00;12,06533337;12,96666718;11,19999981;12,60000038;1135297500
2013-10-07 00.00.00;11,91333294;12,44866657;10,76666737;12,16399956;866314500
2013-10-14 00.00.00;12,2266674;12,58600044;11,60999966;11,66666698;593839500
2013-10-21 00.00.00;11,31066704;12,22599983;10,67666721;12,21866703;819906000
2013-10-28 00.00.00;10,8113327;11,36666679;10,19999981;11,3453331;703044000
2013-11-04 00.00.00;9,196666718;12,0953331;8,821332932;11;1671327000
2013-11-11 00.00.00;9,029999733;9,694666862;8,940667152;9,399999619;956175000
2013-11-18 00.00.00;8,092000008;9,029999733;7,861999989;9,017999649;1197067500
2013-11-25 00.00.00;8,485333443;8,706000328;7,739999771;8,300000191;693549000
2013-12-02 00.00.00;9,157333374;9,662667274;8,262000084;8,423333168;956689500
2013-12-09 00.00.00;9,843333244;10,11999989;8,947333336;9,133333206;724608000
2013-12-16 00.00.00;9,549332619;10,32666683;9,273332596;9,898667336;733572000
2013-12-23 00.00.00;10,07466698;10,53333282;9,506667137;9,656666756;418750500
2013-12-30 00.00.00;9,970666885;10,32066727;9,770000458;10,07466698;294199500
2014-01-06 00.00.00;9,71466732;10,24666691;9,483332634;10;440797500
2014-01-13 00.00.00;11,33399963;11,5466671;9,111332893;9,71866703;1133314500
2014-01-20 00.00.00;11,64000034;12,15866661;11,38733292;11,41600037;484335000
2014-01-27 00.00.00;12,09399986;12,39999962;10,98066711;11,67733288;537286500
2014-02-03 00.00.00;12,43533325;12,44200039;11,29066658;12,19266701;502339500
2014-02-10 00.00.00;13,21533298;13,51466656;12,62133312;12,62266731;645624000
2014-02-17 00.00.00;13,97333336;14,34733295;12,89400005;13,68266678;769843500
2014-02-24 00.00.00;16,32066727;17,66666794;13,88799953;13,91733265;1471504500
2014-03-03 00.00.00;16,41399956;17,33333206;15,66600037;15,81733322;644160000
2014-03-10 00.00.00;15,39799976;16,5;15,22133255;16,18000031;612279000
2014-03-17 00.00.00;15,25933266;16,10333252;15,16666698;15,66333294;438915000
2014-03-24 00.00.00;14,15799999;15,32666683;13,53333282;15,3166666;679230000
2014-03-31 00.00.00;14,14866734;15,71533298;13,75933266;14,4333334;732045000
2014-04-07 00.00.00;13,58533287;14,56333256;13,23999977;13,72066689;572721000
2014-04-14 00.00.00;13,20800018;13,89599991;12,28800011;13,84000015;517369500
2014-04-21 00.00.00;13,32333279;14,62199974;12,9333334;13,13866711;522756000
2014-04-28 00.00.00;14,06066704;14,26799965;12,69999981;13,33333302;401826000
2014-05-05 00.00.00;12,15066719;14,57733345;11,81466675;13,96533298;742722000
2014-05-12 00.00.00;12,77066708;12,89866734;11,99199963;12,25800037;450514500
2014-05-19 00.00.00;13,81999969;13,850667;12,66666698;12,71466732;384367500
2014-05-26 00.00.00;13,85133266;14,31999969;13,68400002;13,90133286;301647000
2014-06-02 00.00.00;13,87800026;14,0539999;13,35999966;13,82199955;286270500
2014-06-09 00.00.00;13,76133347;13,99933338;13,28333282;13,86333275;297538500
2014-06-16 00.00.00;15,30599976;15,70266724;13,75066662;13,7840004;707827500
2014-06-23 00.00.00;15,93733311;16,12533379;15,21466732;15,30066681;486375000
2014-06-30 00.00.00;15,28333282;16,29933357;14,9333334;15,97000027;335382000
2014-07-07 00.00.00;14,54199982;15,31866741;14,28466702;15,16666698;390172500
2014-07-14 00.00.00;14,66800022;15,25266743;14,23999977;14,66600037;388039500
2014-07-21 00.00.00;14,9046669;15,13133335;14,44799995;14,48333263;239521500
2014-07-28 00.00.00;15,55133343;15,83333302;14,73600006;14,94999981;517041000
2014-08-04 00.00.00;16,54199982;17,11266708;15,55133343;15,62533283;497499000
2014-08-11 00.00.00;17,46733284;17,70933342;16,97200012;17,03199959;441160500
2014-08-18 00.00.00;17,1186676;17,81733322;16,77466774;17,54999924;299413500
2014-08-25 00.00.00;17,97999954;18,13333321;17,21266747;17,21266747;306198000
2014-09-01 00.00.00;18,49266624;19,4279995;18,1673336;18,36666679;542044500
2014-09-08 00.00.00;18,61333275;19,03266716;18,24399948;18,50799942;313986000
2014-09-15 00.00.00;17,28800011;18,29333305;16,60866737;18,29133224;606550500
2014-09-22 00.00.00;16,44000053;17,06800079;16,31399918;17;393778500
2014-09-29 00.00.00;17,01399994;17,10000038;15,71000004;16,26666641;441558000
2014-10-06 00.00.00;15,79399967;17,70266724;15,68000031;17,2753334;562552500
2014-10-13 00.00.00;15,16533279;15,93066692;14,48799992;15,9046669;652050000
2014-10-20 00.00.00;15,68266678;15,85333347;15,0340004;15,11466694;280455000
2014-10-27 00.00.00;16,11333275;16,30666733;14,68733311;15,61666679;480537000
2014-11-03 00.00.00;16,01333237;16,50399971;15,23333263;16,20000076;561720000
2014-11-10 00.00.00;17,24533272;17,25666618;15,78666687;15,94066715;461008500
2014-11-17 00.00.00;16,18533325;17,3326664;16,14466667;17,16600037;412342500
2014-11-24 00.00.00;16,30133247;16,64800072;16,04266739;16,34666634;180756000
2014-12-01 00.00.00;14,91399956;16,16466713;14,81733322;16,07733345;445999500
2014-12-08 00.00.00;13,80000019;14,99066734;13,61800003;14,76933289;597591000
2014-12-15 00.00.00;14,61933327;14,69333267;12,84333324;13,95266724;531090000
2014-12-22 00.00.00;15,18799973;15,23333263;14,55066681;14,66666698;209464500
2014-12-29 00.00.00;14,62066746;15,19400024;14,21733284;15,12666702;191514000
2015-01-05 00.00.00;13,77733326;14,4333334;13,61400032;14,30333328;340644000
2015-01-12 00.00.00;12,87133312;13,84066677;12,33333302;13,53666687;461988000
2015-01-19 00.00.00;13,41933346;13,5666666;12,4693327;12,92466736;243175500
2015-01-26 00.00.00;13,57333279;13,90799999;13,10000038;13,45533276;235803000
2015-02-02 00.00.00;14,49066734;15,03199959;13,55333328;13,59799957;285714000
2015-02-09 00.00.00;13,58466721;14,69999981;12,88533306;14,35866737;607089000
2015-02-16 00.00.00;14,47399998;14,50666714;13,4333334;13,71333313;267441000
2015-02-23 00.00.00;13,55599976;14,5466671;13,44666672;14,37733269;440518500
2015-03-02 00.00.00;12,92533302;13,74600029;12,81000042;13,51333332;422487000
2015-03-09 00.00.00;12,57866669;13,07866669;12,48799992;12,95933342;403123500
2015-03-16 00.00.00;13,20533276;13,63933277;12,65333271;12,80000019;421327500
2015-03-23 00.00.00;12,33333302;13,58600044;12,09333324;13,23333263;371172000
2015-03-30 00.00.00;12,73333263;12,91733265;12,11999989;12,39000034;358816500
2015-04-06 00.00.00;14,06000042;14,10999966;13,16666698;13,19999981;464620500
2015-04-13 00.00.00;13,78600025;14,19999981;13,5666666;14,02933311;192984000
2015-04-20 00.00.00;14,56200027;14,79199982;13,59000015;13,78533268;310407000
2015-04-27 00.00.00;15,06866741;15,91666698;14,69400024;14,83733273;463315500
2015-05-04 00.00.00;15,77400017;15,96666718;14,6833334;15,21199989;444397500
2015-05-11 00.00.00;16,58933258;16,62666702;15,68733311;15,75266743;373491000
2015-05-18 00.00.00;16,51533318;16,73333359;16,09133339;16,46666718;224650500
2015-05-25 00.00.00;16,71999931;16,8579998;16,33666611;16,51199913;215152500
2015-06-01 00.00.00;16,60933304;16,7733326;16,37866783;16,7606678;178455000
2015-06-08 00.00.00;16,71266747;17,25;16,56666756;16,72333336;218235000
2015-06-15 00.00.00;17,50066757;17,62400055;16,40066719;16,64666748;223942500
2015-06-22 00.00.00;17,80599976;18,09399986;17,04599953;17,4766674;262977000
2015-06-29 00.00.00;18,66799927;18,82999992;17,37999916;17,46333313;237463500
2015-07-06 00.00.00;17,27666664;18,77933311;16,95400047;18,59199905;335896500
2015-07-13 00.00.00;18,31066704;18,36933327;17,06999969;17,48333359;202644000
2015-07-20 00.00.00;17,69400024;19,11000061;17,39066696;18,33333206;288838500
2015-07-27 00.00.00;17,74333382;17,95733261;16,71933365;17,49533272;234559500
2015-08-03 00.00.00;16,1673336;18,06666756;15,74133301;17,75266647;462262500
2015-08-10 00.00.00;16,20999908;16,52866745;15,51599979;15,87666702;318492000
2015-08-17 00.00.00;15,3846674;17,39666748;15,36733341;17,03733253;397080000
2015-08-24 00.00.00;16,56533241;16,76333237;13;13,51933289;480624000
2015-08-31 00.00.00;16,12866783;16,99666786;15,79800034;16,37466621;340023000
2015-09-07 00.00.00;16,68266678;16,95000076;16,27000046;16,33666611;173832000
2015-09-14 00.00.00;17,37466621;17,70000076;16,63333321;16,73999977;263856000
2015-09-21 00.00.00;17,12733269;18,10466766;17,05333328;17,59866714;294105000
2015-09-28 00.00.00;16,50466728;17,31933212;15,6619997;17,15666771;337963500
2015-10-05 00.00.00;14,71266747;16,65600014;14,55733299;16,58933258;420310500
2015-10-12 00.00.00;15,13399982;15,3653326;14,07533264;14,86600018;289363500
2015-10-19 00.00.00;13,93933296;15,40999985;13,46666718;15,10000038;429301500
2015-10-26 00.00.00;13,79533291;14,47333336;13,59266663;14,09200001;238249500
2015-11-02 00.00.00;15,49066734;15,63866711;13,81466675;13,92800045;478933500
2015-11-09 00.00.00;13,81266689;15,53266716;13,76799965;15,53266716;272428500
2015-11-16 00.00.00;14,66733265;15,07933331;13,72000027;13,73933315;221866500
2015-11-23 00.00.00;15,44066715;15,48333263;14,31200027;14,48999977;164200500
2015-11-30 00.00.00;15,35866737;15,90666676;15,17733288;15,45266724;223327500
2015-12-07 00.00.00;14,46800041;15,7086668;14,44266701;15,18000031;213450000
2015-12-14 00.00.00;15,36400032;15,850667;14,32466698;14,50066662;247329000
2015-12-21 00.00.00;15,37133312;15,77000046;15,2086668;15,4460001;92665500
2015-12-28 00.00.00;16,00066757;16,24200058;15,03600025;15,43266678;160807500
2016-01-04 00.00.00;14,0666666;15,42533302;14,05133343;15,38133335;314631000
2016-01-11 00.00.00;13,66600037;14,2966671;12,8920002;14,26733303;350685000
2016-01-18 00.00.00;13,50333309;14,03133297;12,75;13,91399956;242514000
2016-01-25 00.00.00;12,74666691;13,57133293;12,16066742;13,33733273;280878000
2016-02-01 00.00.00;10,84000015;13,30133343;10,51599979;12,58399963;492384000
2016-02-08 00.00.00;10,06933308;10,88399982;9,40333271;10,47333336;747889500
2016-02-15 00.00.00;11,10533333;11,52999973;10,27400017;10,57999992;273990000
2016-02-22 00.00.00;12,68933296;12,80000019;11,18933296;11,34133339;423838500
2016-02-29 00.00.00;13,40266705;13,60200024;12,10000038;12,82666683;410875500
2016-03-07 00.00.00;13,83333302;14,2193327;13,15999985;13,17866707;318784500
2016-03-14 00.00.00;15,51599979;15,63199997;14,04266739;14,17666721;288864000
2016-03-21 00.00.00;15,1833334;15,99199963;14,33333302;15,68933296;293002500
2016-03-28 00.00.00;15,83933258;16,52666664;15;15,44066715;539751000
2016-04-04 00.00.00;16,67133331;17,95599937;16;16,6079998;770244000
2016-04-11 00.00.00;16,96733284;17,26600075;16,24200058;16,73333359;416026500
2016-04-18 00.00.00;16,91666794;17,22066689;16,08333206;16,81533241;335886000
2016-04-25 00.00.00;16,05066681;17,15866661;15,85400009;16,86733246;270490500
2016-05-02 00.00.00;14,32866669;16,21266747;13,8739996;16,10000038;506799000
2016-05-09 00.00.00;13,84066677;14,40999985;13,57733345;14,38133335;307233000
2016-05-16 00.00.00;14,68533325;14,7033329;13,60133266;13,87666702;409258500
2016-05-23 00.00.00;14,86933327;15,06200027;14,3453331;14,65799999;284487000
2016-05-30 00.00.00;14,59933281;14,98333263;14,45933342;14,86933327;150502500
2016-06-06 00.00.00;14,58600044;16,05666733;14,36333275;14,53333282;374307000
2016-06-13 00.00.00;14,36466694;15,05133343;14,16866684;14,63333321;243519000
2016-06-20 00.00.00;12,87666702;14,91666698;12,64866734;14,63333321;734761500
2016-06-27 00.00.00;14,4333334;14,54933262;12,52466679;12,72399998;444837000
2016-07-04 00.00.00;14,45199966;14,65400028;13,86666679;13,98200035;266730000
2016-07-11 00.00.00;14,69333267;15,16666698;14,63399982;14,66399956;277173000
2016-07-18 00.00.00;14,81799984;15,31999969;14,55333328;14,64266682;241561500
2016-07-25 00.00.00;15,65266705;15,68533325;14,75800037;14,81799984;244494000
2016-08-01 00.00.00;15,33533287;15,7753334;14,76000023;15,69999981;287860500
2016-08-08 00.00.00;15,04066658;15,43599987;14,89400005;15,19999981;157561500
2016-08-15 00.00.00;15;15,30000019;14,81933308;15,06799984;141937500
2016-08-22 00.00.00;14,66600037;15,23266697;14,5880003;14,94466686;201331500
2016-08-29 00.00.00;13,18533325;14,69333267;13,07999992;14,67666721;354483000
2016-09-05 00.00.00;12,96466732;13,76666737;12,91333294;13,26799965;227496000
2016-09-12 00.00.00;13,69333267;13,71333313;12,89666653;13;236161500
2016-09-19 00.00.00;13,82999992;14,01200008;13,43733311;13,80000019;189474000
2016-09-26 00.00.00;13,60200024;14,0666666;13,30333328;13,76666737;197539500
2016-10-03 00.00.00;13,10733318;14,37800026;13,05333328;14,15333271;294229500
2016-10-10 00.00.00;13,100667;13,60933304;13,08666706;13,42333317;215698500
2016-10-17 00.00.00;13,33933258;13,77733326;12,80000019;13,13666725;378631500
2016-10-24 00.00.00;13,33133316;14,24666691;13,32199955;13,39999962;423048000
2016-10-31 00.00.00;12,70400047;13,49933338;12,39733315;13,49933338;357070500
2016-11-07 00.00.00;12,57066727;13,16600037;12,02799988;12,90600014;390744000
2016-11-14 00.00.00;12,33466721;12,86666679;11,87933254;12,53333282;359790000
2016-11-21 00.00.00;13,10999966;13,149333;12,24733257;12,33600044;258336000
2016-11-28 00.00.00;12,09799957;13,28999996;12;13,03199959;325264500
2016-12-05 00.00.00;12,81200027;12,92266655;12,16733265;12,16733265;282634500
2016-12-12 00.00.00;13,49933338;13,53333282;12,74533272;12,85333347;306453000
2016-12-19 00.00.00;14,22266674;14,22999954;13,32266712;13,49933338;317496000
2016-12-26 00.00.00;14,24600029;14,92000008;14,11200047;14,32533264;275787000
2017-01-02 00.00.00;15,26733303;15,35400009;14,06400013;14,32400036;428646000
2017-01-09 00.00.00;15,85000038;15,85666656;15,03866673;15,26466656;317602500
2017-01-16 00.00.00;16,31533241;16,57866669;15,62466717;15,77999973;304846500
2017-01-23 00.00.00;16,86333275;17,23066711;16,36666679;16,38999939;340341000
2017-01-30 00.00.00;16,75533295;17,0593338;16,47333336;16,83533287;248437500
2017-02-06 00.00.00;17,94866753;18,07866669;16,70866776;16,73333359;347703000
2017-02-13 00.00.00;18,14866638;19,15933228;17,61000061;18,04933357;489856500
2017-02-20 00.00.00;17,13333321;18,89666748;16,68000031;18,36333275;562777500
2017-02-27 00.00.00;16,77133369;16,98999977;16,13400078;16,54466629;429294000
2017-03-06 00.00.00;16,24600029;16,9260006;16,20000076;16,52733231;262287000
2017-03-13 00.00.00;17,43333244;17,71666718;16,18533325;16,32133293;443722500
2017-03-20 00.00.00;17,54400063;17,65333366;16,68266678;17,37333298;353245500
2017-03-27 00.00.00;18,55333328;18,79999924;17,31666756;17,37333298;380064000
2017-04-03 00.00.00;20,1693325;20,32533264;18,97200012;19,12666702;630064500
2017-04-10 00.00.00;20,26666641;20,91533279;19,68666649;20,61000061;430866000
2017-04-17 00.00.00;20,37333298;20,61000061;19,86000061;20,18000031;325974000
2017-04-24 00.00.00;20,93799973;20,98666763;20,39066696;20,61466789;367354500
2017-05-01 00.00.00;20,55666733;21,84399986;19,38400078;20,99200058;655126500
2017-05-08 00.00.00;21,65399933;21,79999924;20,38800049;20,7266674;469500000
2017-05-15 00.00.00;20,72200012;21,34666634;20,35400009;21,22533226;432417000
2017-05-22 00.00.00;21,6760006;21,69933319;20,23200035;20,85333252;397456500
2017-05-29 00.00.00;22,65666771;22,99200058;21,71733284;21,73333359;464167500
2017-06-05 00.00.00;23,82133293;25,12466621;22,28066635;22,56666756;803881500
2017-06-12 00.00.00;24,76000023;25,61666679;23,37466621;23,86599922;784522500
2017-06-19 00.00.00;25,56333351;25,79933357;24,52000046;25;493302000
2017-06-26 00.00.00;24,10733223;25,7966671;23,60666656;25,77933311;509587500
2017-07-03 00.00.00;20,8813324;24,75666618;20,42000008;24,68266678;852802500
2017-07-10 00.00.00;21,85199928;22,20666695;20,20866776;20,86000061;749191500
2017-07-17 00.00.00;21,89333344;22,11000061;20,89666748;21,70266724;490131000
2017-07-24 00.00.00;22,33799934;23,16666794;21,75266647;22,01600075;504448500
2017-07-31 00.00.00;23,79400063;23,81800079;20,74799919;22,36666679;791004000
2017-08-07 00.00.00;23,8579998;24,66666794;23,51666641;23,82333374;481876500
2017-08-14 00.00.00;23,16399956;24,5106678;23,05333328;24,30866623;321810000
2017-08-21 00.00.00;23,2033329;23,77733231;22,12333298;23,05466652;357609000
2017-08-28 00.00.00;23,69333267;23,89599991;22,58333206;23,15200043;275593500
2017-09-04 00.00.00;22,89333344;23,69933319;22,77066612;23,58666611;231438000
2017-09-11 00.00.00;25,32066727;25,33333206;23,33333206;23,42333221;456723000
2017-09-18 00.00.00;23,40600014;25,97400093;23,3920002;25,35000038;470049000
2017-09-25 00.00.00;22,73999977;23,83133316;22,36000061;23,54333305;468738000
2017-10-02 00.00.00;23,79199982;24,00666618;22,08533287;22,83466721;481096500
2017-10-09 00.00.00;23,70466614;23,98533249;22,84466743;23,30999947;399007500
2017-10-16 00.00.00;23,00666618;24,20000076;22,95599937;23,58399963;354001500
2017-10-23 00.00.00;21,39133263;23,32999992;21,11066628;23,32533264;462544500
2017-10-30 00.00.00;20,40600014;22,17399979;19,50866699;21,27866745;706041000
2017-11-06 00.00.00;20,19933319;20,55733299;19,75333214;20,46666718;398671500
2017-11-13 00.00.00;21,00333214;21,77799988;19,9406662;20,00866699;581953500
2017-11-20 00.00.00;21,03666687;21,21533394;20,31666756;20,9193325;355060500
2017-11-27 00.00.00;20,43533325;21,33333206;20,08200073;20,88333321;403759500
2017-12-04 00.00.00;21,00866699;21,24200058;20;20,43333244;388890000
2017-12-11 00.00.00;22,89666748;23,16266632;20,91666794;20,97533226;534387000
2017-12-18 00.00.00;21,68000031;23,11533356;21,6546669;22,99333382;402840000
2017-12-25 00.00.00;20,75666618;21,59600067;20,63599968;21,58866692;257760000
2018-01-01 00.00.00;21,10533333;21,68333244;20,37866783;20,79999924;351168000
2018-01-08 00.00.00;22,41466713;22,9873333;21,03333282;21,06666756;491797500
2018-01-15 00.00.00;23,33466721;23,48666763;22,31999969;22,50266647;362278500
2018-01-22 00.00.00;22,85666656;24,03333282;22,38066673;23,29333305;423645000
2018-01-29 00.00.00;22,91666794;23,97733307;22,55200005;22,65666771;353721000
2018-02-05 00.00.00;20,69466782;23,24133301;19,65066719;22,53133392;596550000
2018-02-12 00.00.00;22,36599922;22,87466621;20,41666794;21,07533264;394413000
2018-02-19 00.00.00;23,46999931;23,66600037;22,10000038;22,29800034;300243000
2018-02-26 00.00.00;22,34133339;23,99933243;21,53133392;23,56666756;407782500
2018-03-05 00.00.00;21,8113327;22,51666641;21,44933319;22,15933228;332847000
2018-03-12 00.00.00;21,42333221;23,14733315;21,27133369;21,90733337;523189500
2018-03-19 00.00.00;20,10266685;21,49600029;20,03000069;21,10000038;447025500
2018-03-26 00.00.00;17,74200058;20,50600052;16,54733276;20,4893322;876289500
2018-04-02 00.00.00;19,9533329;20,6186676;16,30599976;17,08399963;1312447500
2018-04-09 00.00.00;20,02266693;20,63333321;19,28066635;20,02466774;654877500
2018-04-16 00.00.00;19,34933281;20,06733322;18,83399963;19,93333244;474220500
2018-04-23 00.00.00;19,60533333;19,6313324;18,43333244;19,4193325;349693500
2018-04-30 00.00.00;19,6060009;20,45666695;18,34866714;19,5739994;656185500
2018-05-07 00.00.00;20,07066727;20,86599922;19,6779995;19,83333206;460002000
2018-05-14 00.00.00;18,45466614;20,32933235;18,26666641;20,22133255;512287500
2018-05-21 00.00.00;18,59000015;19,43266678;18,22800064;18,75533295;482479500
2018-05-28 00.00.00;19,45466614;19,6673336;18,40999985;18,56733322;367506000
2018-06-04 00.00.00;21,17733383;22;19,11599922;19,62266731;781662000
2018-06-11 00.00.00;23,87800026;24,3113327;21,5;21,50066757;1002450000
2018-06-18 00.00.00;22,24200058;24,91533279;22,13333321;23,69333267;771780000
2018-06-25 00.00.00;22,86333275;23,80133247;21,71999931;22,00799942;564118500
2018-07-02 00.00.00;20,59333229;24,31866646;19,74799919;24,00466728;860764500
2018-07-09 00.00.00;21,25799942;21,8453331;20,53333282;20,79933357;503151000
2018-07-16 00.00.00;20,90533257;21,70000076;20,41666794;20,78066635;472749000
2018-07-23 00.00.00;19,81200027;20,71333313;19,50333214;20,12266731;569893500
2018-07-30 00.00.00;23,21133232;23,66666794;19,07533264;19,7266674;883378500
2018-08-06 00.00.00;23,69933319;25,8306675;22,61000061;23,03066635;1391206500
2018-08-13 00.00.00;20,36666679;24,21266747;20,23533249;24,07533264;773613000
2018-08-20 00.00.00;21,52133369;21,82133293;19,21333313;19,44666672;679056000
2018-08-27 00.00.00;20,11066628;21,49600029;19,84799957;21,20000076;611514000
2018-09-03 00.00.00;17,54933357;19,8793335;16,81666756;19,79599953;690660000
2018-09-10 00.00.00;19,68000031;19,8220005;18,06666756;18,21733284;698622000
2018-09-17 00.00.00;19,94000053;20,39866638;18,36666679;19,33600044;661948500
2018-09-24 00.00.00;17,65133286;20,99733353;17,3706665;19,89866638;889900500
2018-10-01 00.00.00;17,46333313;21,12266731;17,33333206;20,38466644;1039122000
2018-10-08 00.00.00;17,25200081;17,85066795;16,51799965;17,63466644;805765500
2018-10-15 00.00.00;17,33333206;18,84666634;16,89999962;17,27066612;587679000
2018-10-22 00.00.00;22,05999947;22,65999985;16,83933258;17,37866783;1394289000
2018-10-29 00.00.00;23,09399986;23,28000069;21,48399925;22,49799919;705676500
2018-11-05 00.00.00;23,36733246;23,83866692;22,00933266;22,70000076;512368500
2018-11-12 00.00.00;23,6206665;23,71333313;22,02266693;23,2246666;438934500
2018-11-19 00.00.00;21,72200012;24,45000076;21,7033329;23,75600052;399045000
2018-11-26 00.00.00;23,36533356;23,44000053;21,66666794;21,66666794;407817000
2018-12-03 00.00.00;23,86466789;25,29933357;23,38400078;24;541831500
2018-12-10 00.00.00;24,38066673;25,19133377;23,54133224;24;474792000
2018-12-17 00.00.00;21,31800079;24,37999916;20,79133224;24,13333321;602053500
2018-12-24 00.00.00;22,25799942;22,41600037;19,6060009;20,89999962;483556500
2018-12-31 00.00.00;21,17933273;22,61400032;19,82533264;22,51933289;484803000
2019-01-07 00.00.00;23,15066719;23,22733307;21,18333244;21,44799995;466321500
2019-01-14 00.00.00;20,15066719;23,46666718;19,98200035;22,82533264;657346500
2019-01-21 00.00.00;19,80266762;20,53333282;18,6186676;20,32133293;597877500
2019-01-28 00.00.00;20,81399918;21,07333374;19,18333244;19,52733231;632218500
2019-02-04 00.00.00;20,38666725;21,61599922;19,89999962;20,86533356;472473000
2019-02-11 00.00.00;20,5253334;21,23999977;20,06666756;20,7733326;403419000
2019-02-18 00.00.00;19,64733315;20,76933289;19,36666679;20,43733215;389404500
2019-02-25 00.00.00;19,65266609;21,33333206;19,25133324;19,86066628;897375000
2019-03-04 00.00.00;18,94266701;19,93333244;18,00666618;19,87466621;966886500
2019-03-11 00.00.00;18,36199951;19,69266701;18,29333305;18,90133286;654450000
2019-03-18 00.00.00;17,63533211;18,53666687;17,56399918;18,39999962;655237500
2019-03-25 00.00.00;18,65733337;18,6886673;16,9640007;17,31399918;586657500
2019-04-01 00.00.00;18,3306675;19,74466705;17,37266731;18,84133339;874015500
2019-04-08 00.00.00;17,84666634;18,74399948;17,70666695;18,5126667;599364000
2019-04-15 00.00.00;18,21733284;18,33333206;17,24200058;17,90866661;424714500
2019-04-22 00.00.00;15,67599964;17,97866631;15,40866661;17,93333244;1170429000
2019-04-29 00.00.00;17,00200081;17,10733223;15,4333334;15,72399998;1181244000
2019-05-06 00.00.00;15,96800041;17,22333336;15,73466682;16,66799927;612921000
2019-05-13 00.00.00;14,06866741;15,63333321;13,92800045;15,46733284;759798000
2019-05-20 00.00.00;12,7086668;13,82666683;12,41466713;13,52000046;1468485000
2019-05-27 00.00.00;12,34399986;13;12,2733326;12,74666691;609220500
2019-06-03 00.00.00;13,63333321;14,0666666;11,79933262;12,36733341;1149426000
2019-06-10 00.00.00;14,32800007;14,8920002;13,83399963;14,01666737;795565500
2019-06-17 00.00.00;14,79066658;15,649333;14,28466702;14,3653326;775099500
2019-06-24 00.00.00;14,89733315;15,14866734;14,48999977;14,88266659;504468000
2019-07-01 00.00.00;15,53999996;16,10466766;14,81466675;15,34733295;581088000
2019-07-08 00.00.00;16,33866692;16,35866737;15,15200043;15,41600037;568978500
2019-07-15 00.00.00;17,21199989;17,3306675;16,3239994;16,53333282;610812000
2019-07-22 00.00.00;15,20266724;17,73800087;14,8166666;17,25;830764500
2019-07-29 00.00.00;15,62266731;16,44533348;15,06866741;15,13933277;614347500
2019-08-05 00.00.00;15,66733265;15,98666668;15,05000019;15,30666733;398122500
2019-08-12 00.00.00;14,66266727;15,73333263;14,10333347;15,53266716;484990500
2019-08-19 00.00.00;14,09333324;15,27266693;14,0666666;14,94733334;484900500
2019-08-26 00.00.00;15,04066658;15,49600029;14,10266685;14,23999977;422905500
2019-09-02 00.00.00;15,16333294;15,31999969;14,61400032;14,9386673;340497000
2019-09-09 00.00.00;16,34666634;16,89999962;15,2626667;15,33333302;504352500
2019-09-16 00.00.00;16,04133224;16,54466629;15,87733269;16,39999962;358687500
2019-09-23 00.00.00;16,1420002;16,5806675;14,55733299;16;744895500
2019-09-30 00.00.00;15,42866707;16,39666748;14,95199966;16,20000076;611299500
2019-10-07 00.00.00;16,52599907;16,73866653;15,23666668;15,31999969;575932500
2019-10-14 00.00.00;17,12999916;17,65200043;16,47533226;16,52666664;507615000
2019-10-21 00.00.00;21,87533379;22;16,67866707;17,22200012;1119138000
2019-10-28 00.00.00;20,88733292;22,72266769;20,65333366;21,83600044;789709500
2019-11-04 00.00.00;22,47599983;22,76666641;20,61733246;20,98666763;663117000
2019-11-11 00.00.00;23,47800064;23,75533295;22,79999924;22,93000031;555601500
2019-11-18 00.00.00;22,20266724;24,07999992;22;23,52799988;627463500
2019-11-25 00.00.00;21,99600029;22,97133255;21,80666733;22,95466614;424621500
2019-12-02 00.00.00;22,39266777;22,59066772;21,81666756;21,95999908;442773000
2019-12-09 00.00.00;23,89266777;24,34733391;22,33866692;22,43933296;586260000
2019-12-16 00.00.00;27,03933334;27,53333282;24,16666794;24,17000008;1104777000
2019-12-23 00.00.00;28,69199944;29,02066612;27,33333206;27,45199966;629308500
2019-12-30 00.00.00;29,5340004;30,26666641;26,80533218;28,58600044;752740500
2020-01-06 00.00.00;31,87666702;33,25333405;29,33333206;29,36466789;1508389500
2020-01-13 00.00.00;34,03333282;36,49399948;32,79999924;32,90000153;1623726000
2020-01-20 00.00.00;37,6546669;39,6333313;35,22733307;35,34999847;1247656500
2020-01-27 00.00.00;43,37133408;43,53333282;35,95199966;36,13266754;1318846500
2020-02-03 00.00.00;49,87133408;64,59933472;44,90133286;44,91266632;3200578500
2020-02-10 00.00.00;53,33533478;54,66600037;49;53,33333206;1355883000
2020-02-17 00.00.00;60,06666565;62,98533249;55,49066544;56,10666656;1106316000
2020-02-24 00.00.00;44,53266525;57,56666565;40,76800156;55,93333435;1426024500
2020-03-02 00.00.00;46,89866638;53,79866791;45,61800003;47,4173317;1268154000
2020-03-09 00.00.00;36,44133377;44,53333282;33,46666718;40,35933304;1313100000
2020-03-16 00.00.00;28,50200081;32,99133301;23,36733246;31,29999924;1901269500
2020-03-23 00.00.00;34,29066849;37,33333206;27,36666679;28,90666771;1384957500
2020-03-30 00.00.00;32,00066757;36,19733429;29,76000023;34,01733398;1283149500
2020-04-06 00.00.00;38,20000076;38,3453331;33,19733429;34,08000183;886914000
2020-04-13 00.00.00;50,25933456;51,66333389;38,70199966;39,34400177;1656225000
2020-04-20 00.00.00;48,3433342;51,0379982;44,91933441;48,84666824;1133548500
2020-04-27 00.00.00;46,75466537;57,98799896;45,5359993;49,17399979;1696846500
2020-05-04 00.00.00;54,62799835;54,93333435;46,53333282;46,73333359;1124493000
2020-05-11 00.00.00;53,27799988;56,21933365;50,88666534;52,70066833;1135389000
2020-05-18 00.00.00;54,45866776;55,64799881;53,06666565;55,18533325;762805500
2020-05-25 00.00.00;55,66666794;55,66666794;52,33333206;55,6333313;579889500
2020-06-01 00.00.00;59,04399872;60,57733154;56,93999863;57,20000076;797313000
2020-06-08 00.00.00;62,35200119;68,49866486;60,61066818;61,26666641;1152093000
2020-06-15 00.00.00;66,72666931;67,94667053;60,56666565;61,18600082;871060500
2020-06-22 00.00.00;63,98266602;67,46666718;62,4766655;66,66333008;626950500
2020-06-29 00.00.00;80,57733154;81,8666687;63,23466873;64,60066986;847828500
2020-07-06 00.00.00;102,9766693;103,2613297;84,40266418;85,11266327;1401391500
2020-07-13 00.00.00;100,0559998;119,6660004;95,40000153;110,5999985;1536031500
2020-07-20 00.00.00;94,46666718;112,5999985;91,10266876;101,267334;1366722000
2020-07-27 00.00.00;95,38400269;104,3133316;94,19999695;95,66666412;916702500
2020-08-03 00.00.00;96,84733582;101,8273315;94,33399963;96,61333466;555912000
2020-08-10 00.00.00;110,0473328;111,253334;91;96,53333282;1064706000
2020-08-17 00.00.00;136,665329;139,6993256;111,5220032;111,8000031;1365352500
2020-08-24 00.00.00;147,5599976;154,5659943;128,5013275;141,7519989;1331041500
2020-08-31 00.00.00;139,4400024;167,4966736;124,0066681;148,2033386;1506928800
2020-09-07 00.00.00;124,2399979;132,9966736;109,9599991;118,6666641;1021738800
2020-09-14 00.00.00;147,3833313;153,9799957;124,4333344;126,9833298;1247352300
2020-09-21 00.00.00;135,7799988;151,8933258;117,0999985;151,043335;1343704200
2020-09-28 00.00.00;138,363327;149,6266632;137,1999969;141,5399933;810768000
2020-10-05 00.00.00;144,6666718;146,3333282;135,3500061;141,1166687;619030800
2020-10-12 00.00.00;146,5566711;155,3000031;145,5333405;147,3333282;568748400
2020-10-19 00.00.00;140,2100067;149;135,793335;148,7466736;522074400
2020-10-26 00.00.00;129,3466644;143,5;126,3700027;137,2100067;424631100
2020-11-02 00.00.00;143,3166656;146,6666718;130,7666626;131,3333282;436909200
2020-11-09 00.00.00;136,1666718;150,8333282;132,0099945;146,5;366303300
2020-11-16 00.00.00;163,2033386;169,5366669;134,6966705;136,3099976;784374300
2020-11-23 00.00.00;195,2533264;199,593338;167,2633362;167,8333282;571200300
2020-11-30 00.00.00;199,6799927;202,6000061;180,4033356;200,7366638;668506800
2020-12-07 00.00.00;203,3300018;218,1066742;188,7799988;201,6399994;916272300
2020-12-14 00.00.00;231,6666718;231,6666718;201,6666718;206,3333282;1252812600
2020-12-21 00.00.00;220,5899963;222,8333282;204,7433319;222,0800018;497399700
2020-12-28 00.00.00;235,2233276;239,5733337;218,3333282;224,8366699;443055900
2021-01-04 00.00.00;293,3399963;294,8299866;239,0633392;239,8200073;756413400
2021-01-11 00.00.00;275,3866577;289,3333435;267,8733215;283,1333313;626786100
2021-01-18 00.00.00;282,2133179;286,5;276,206665;279,2666626;274861500
2021-01-25 00.00.00;264,5100098;300,1333313;260,0333252;285;459023400
2021-02-01 00.00.00;284,0766602;293,5;265,186676;271,4299927;307381200
2021-02-08 00.00.00;272,0400085;292,5899963;261,7766724;289,8900146;350779800
2021-02-15 00.00.00;260,4333191;273,6666565;254,0033264;272,6666565;248142600
2021-02-22 00.00.00;225,1666718;256,1666565;206,3333282;254,2133331;662270100
2021-03-01 00.00.00;199,3166656;240,3699951;179,8300018;230,0366669;709177200
2021-03-08 00.00.00;231,2433319;239,2833405;186,2633362;200,1833344;749261100
2021-03-15 00.00.00;218,2899933;237,7266693;208,206665;231,363327;534067800
2021-03-22 00.00.00;206,2366638;233,206665;199,9633331;228,1966705;530631000
2021-03-29 00.00.00;220,5833282;230,8066711;197,0033264;205,2133331;410115300
2021-04-05 00.00.00;225,6733398;236,0533295;222,613327;235,9033356;425356200
2021-04-12 00.00.00;246,593338;260,2633362;227,363327;228,5666656;535902900
2021-04-19 00.00.00;243,1333313;251,2566681;230,6000061;239,8666687;511413000
2021-04-26 00.00.00;236,4799957;249,7666626;222,0466614;247;457051800
2021-05-03 00.00.00;224,1233368;235,3333282;216,6666718;234,6000061;389814300
2021-05-10 00.00.00;196,5800018;221,6833344;186,5500031;221,6333313;567827100
2021-05-17 00.00.00;193,6266632;198,8933258;182,3266602;191,8500061;496953300
2021-05-24 00.00.00;208,406662;211,863327;191,2166595;193,8666687;420932700
2021-05-31 00.00.00;199,6833344;211,2666626;190,406662;209,2666626;286609500
2021-06-07 00.00.00;203,2966614;207,6966705;194,293335;197,2766724;315919800
2021-06-14 00.00.00;207,7700043;209,4499969;197,8333282;204,0766602;322783500
2021-06-21 00.00.00;223,956665;232,5399933;202,9600067;208,1600037;460649700
2021-06-28 00.00.00;226,3000031;233,3333282;223,4400024;223,8800049;310870200
2021-07-05 00.00.00;218,9833374;228;206,8200073;227,2366638;248970900
2021-07-12 00.00.00;214,7400055;231,093338;212,6266632;220,7333374;315344700
2021-07-19 00.00.00;214,4600067;221,6199951;207,0966644;209,9633331;241344300
2021-07-26 00.00.00;229,0666656;232,5099945;209,0800018;216,9900055;402622500
2021-08-02 00.00.00;233,0333405;242,3133392;232,543335;233,3333282;302343900
2021-08-09 00.00.00;239,0566711;243,3000031;233,1333313;236,7233276;216416400
2021-08-16 00.00.00;226,7533264;236,5;216,2799988;235,0233307;287710500
2021-08-23 00.00.00;237,3066711;238,9900055;226,9166718;228,4799957;219125100
2021-08-30 00.00.00;244,5233307;247,3300018;237,5766602;238,2400055;242061900
2021-09-06 00.00.00;245,4233398;254,8166656;244,8399963;246,6666718;204284100
2021-09-13 00.00.00;253,1633301;253,6799927;236,2833405;246,7366638;296888100
2021-09-20 00.00.00;258,1300049;258,2666626;239,5399933;244,8533325;268605600
2021-09-27 00.00.00;258,4066772;266,3333435;254,5299988;257,706665;328147200
2021-10-04 00.00.00;261,8299866;268,9899902;257,7399902;265,5;298449300
2021-10-11 00.00.00;281,0100098;281,0700073;261,8333435;262,5499878;244536600
2021-10-18 00.00.00;303,2266541;303,3333435;283,8233337;283,9299927;329948100
2021-10-25 00.00.00;371,3333435;371,7366638;314,7333374;316,8433228;662775600
2021-11-01 00.00.00;407,3633423;414,4966736;372,8866577;381,6666565;541323600
2021-11-08 00.00.00;344,4733276;399;329,1033325;383,2633362;549971700
2021-11-15 00.00.00;379,019989;379,5733337;326,2000122;339,2099915;405913800
2021-11-22 00.00.00;360,6400146;400,6499939;354;387,4433289;310455900
2021-11-29 00.00.00;338,3233337;390,9466553;333,4033203;366,9966736;373556700
2021-12-06 00.00.00;339,0100098;357,4599915;316,8333435;333,8366699;298756800
2021-12-13 00.00.00;310,8566589;335;303,0133362;333,6966553;407779800
2021-12-20 00.00.00;355,6666565;357,6600037;295,3733215;303,5666809;314345400
2021-12-27 00.00.00;352,2600098;373;351,0499878;357,8900146;275398500
2022-01-03 00.00.00;342,3200073;402,6666565;336,6666565;382,5833435;458800800
2022-01-10 00.00.00;349,8699951;371,8666687;326,6666565;333,3333435;411751500
2022-01-17 00.00.00;314,6333313;356,9299927;313,5;342,2033386;316090500
2022-01-24 00.00.00;282,1166687;329,230011;264,0033264;301,5866699;624927600
2022-01-31 00.00.00;307,7733459;314,5666809;287,3500061;290,9033203;396848100
2022-02-07 00.00.00;286,6666565;315,9233398;283,5666809;307,9299927;309755700
2022-02-14 00.00.00;285,6600037;308,8099976;279,2033386;287,1900024;300017100
2022-02-21 00.00.00;269,956665;285,5766602;233,3333282;278,043335;389934900
2022-02-28 00.00.00;279,4299927;296,6266785;271,5700073;271,6700134;377040300
2022-03-07 00.00.00;265,1166687;288,7133179;260,7233276;285,4333191;337762800
2022-03-14 00.00.00;301,7966614;302,6166687;252,0133362;260,2033386;389019300
2022-03-21 00.00.00;336,8800049;346,8999939;302,3633423;304,9933472;439478700
2022-03-28 00.00.00;361,5299988;371,5899963;351,2000122;355,0333252;339241800
2022-04-04 00.00.00;341,8299866;384,2900085;340,5133362;363,1266785;385920300
2022-04-11 00.00.00;328,3333435;342,0799866;324,3666687;326,7999878;238876500
2022-04-18 00.00.00;335,0166626;364,0733337;324,4700012;329,6766663;347387100
2022-04-25 00.00.00;290,2533264;336,206665;273,8999939;326,3233337;494512800
2022-05-02 00.00.00;288,5499878;318,5;281,0366821;286,9233398;386556900
2022-05-09 00.00.00;256,5299988;281,8766785;226,6666718;278,8166809;504900300
2022-05-16 00.00.00;221,3000031;256,5866699;211;255,7200012;489416400
2022-05-23 00.00.00;253,2100067;253,2666626;206,8566742;218,3399963;465433500
2022-05-30 00.00.00;234,5166626;264,2099915;233,4166718;257,9466553;385029300
2022-06-06 00.00.00;232,2299957;255,5466614;227,9133301;244,3533325;427251600
2022-06-13 00.00.00;216,7599945;235,6633301;208,6933289;223,1666718;519920400
2022-06-20 00.00.00;245,706665;246,8333282;224,3333282;224,6033325;423873900
2022-06-27 00.00.00;227,2633362;252,0700073;218,863327;249,3666687;431527500
2022-07-04 00.00.00;250,7633362;254,9799957;216,1666718;223;340219500
2022-07-11 00.00.00;240,0666656;253,0633392;225,0333405;252,1033325;433367100
2022-07-18 00.00.00;272,2433472;280,7866821;236,9766693;244,9366608;497796900
2022-07-25 00.00.00;297,1499939;298,3200073;256,2633362;272,2166748;399040200
2022-08-01 00.00.00;288,1700134;313,6066589;285,543335;301,2766724;478140600
2022-08-08 00.00.00;300,0299988;305,2000122;279,3533325;295;429969600
2022-08-15 00.00.00;296,6666565;314,6666565;292,5;301,7866821;355157400
2022-08-22 00.00.00;288,0899963;303,6466675;286,2966614;291,9133301;287481800
2022-08-29 00.00.00;270,2099915;288,480011;266,1499939;282,8299866;249690900
2022-09-05 00.00.00;299,6799927;299,8500061;265,7399902;272,6799927;213940100
2022-09-12 00.00.00;303,3500061;309,1199951;290,3999939;300,7200012;341416200
2022-09-19 00.00.00;275,3299866;313,7999878;272,8200073;300,0899963;318723500
2022-09-26 00.00.00;265,25;289;262,4700012;271,8299866;320014100
2022-10-03 00.00.00;223,0700073;257,5;222,0200043;254,5;448139900
2022-10-10 00.00.00;204,9900055;226,9900055;204,1600037;223,9299927;397406400
2022-10-17 00.00.00;214,4400024;229,8200073;202;210,0399933;415404100
2022-10-24 00.00.00;228,5200043;233,8099976;198,5899963;205,8200073;412758400
2022-10-31 00.00.00;207,4700012;237,3999939;203,0800018;226,1900024;342474400
2022-11-07 00.00.00;195,9700012;208,8999939;177,1199951;208,6499939;596889200
2022-11-14 00.00.00;180,1900024;200,8200073;176,5500031;192,7700043;390472900
2022-11-21 00.00.00;182,8600006;185,1999969;166,1900024;175,8500061;331544400
2022-11-28 00.00.00;194,8600006;198,9199982;178,75;179,9600067;439140800
2022-12-05 00.00.00;179,0500031;191,2700043;169,0599976;189,4400024;471983600
2022-12-12 00.00.00;150,2299957;177,3699951;150,0399933;176,1000061;687706200
2022-12-19 00.00.00;123,1500015;155,25;121,0199966;154;821451300
2022-12-26 00.00.00;123,1800003;124,4800034;108,2399979;117,5;809414500
2023-01-02 00.00.00;113,0599976;118,8000031;101,8099976;118,4700012;790689200
2023-01-09 00.00.00;122,4000015;125,9499969;114,9199982;118,9599991;891852300
2023-01-16 00.00.00;133,4199982;136,6799927;124,3099976;125,6999969;691307300
2023-01-23 00.00.00;177,8999939;180,6799927;134,2700043;135,8699951;1095958300
2023-01-30 00.00.00;189,9799957;199;162,7799988;178,0500031;1091608900
2023-02-06 00.00.00;196,8899994;214;189,5500031;193,0099945;973057500
2023-02-13 00.00.00;208,3099976;217,6499939;187,6100006;194,4199982;1013262600
2023-02-20 00.00.00;196,8800049;209,7100067;191,7799988;204,9900055;660435200
2023-02-27 00.00.00;197,7899933;211,2299957;186,0099945;202,0299988;806720000
2023-03-06 00.00.00;173,4400024;198,6000061;168,4400024;198,5399933;789636400
2023-03-13 00.00.00;180,1300049;186,2200012;163,9100037;167,4600067;711837700
2023-03-20 00.00.00;190,4100037;200,6600037;176,3500061;178,0800018;693958500
2023-03-27 00.00.00;207,4600067;207,7899933;185,4299927;194,4199982;623640500
2023-04-03 00.00.00;185,0599976;202,6900024;179,7400055;199,9100037;553750100
2023-04-10 00.00.00;185;191,5800018;176,1100006;179,9400024;617553500
2023-04-17 00.00.00;165,0800018;189,6900024;160,5599976;186,3200073;668971700
2023-04-24 00.00.00;164,3099976;165,6499939;152,3699951;164,6499939;664901000
2023-05-01 00.00.00;170,0599976;170,7899933;158,8300018;163,1699982;559718500
2023-05-08 00.00.00;167,9799957;177,3800049;166,5599976;173,7200012;582794600
2023-05-15 00.00.00;180,1399994;181,9499969;164,3500061;167,6600037;575071900
2023-05-22 00.00.00;193,1699982;198,6000061;178,2200012;180,6999969;685490800
2023-05-29 00.00.00;213,9700012;217,25;195,1199951;200,1000061;591958700
2023-06-05 00.00.00;244,3999939;252,4199982;212,5299988;217,8000031;848497600
2023-06-12 00.00.00;260,5400085;263,6000061;244,5899963;247,9400024;811384500
2023-06-19 00.00.00;256,6000061;276,9899902;248,25;261,5;721745000
2023-06-26 00.00.00;261,769989;264,4500122;240,6999969;250,0700073;748633800
2023-07-03 00.00.00;274,4299927;284,25;272,8800049;276,4899902;485428100
2023-07-10 00.00.00;281,3800049;285,2999878;265,1000061;276,4700012;539813800
2023-07-17 00.00.00;260,019989;299,2900085;255,8000031;286,6300049;722999700
2023-07-24 00.00.00;266,4400024;272,8999939;254,1199951;255,8500061;560265300
2023-07-31 00.00.00;253,8600006;269,0799866;250,4900055;267,480011;466610100
2023-08-07 00.00.00;242,6499939;253,6499939;238,0200043;251,4499969;517873600
2023-08-14 00.00.00;215,4900055;240,6600037;212,3600006;235,6999969;556272400
2023-08-21 00.00.00;238,5899963;240,8200073;220,5800018;221,5500031;573612700
2023-08-28 00.00.00;245,0099945;261,1799927;235,3500061;242,5800018;605113000
2023-09-04 00.00.00;248,5;258;243,2700043;245;480110000
2023-09-11 00.00.00;274,3900146;278,980011;260,6099854;264,269989;663743600
2023-09-18 00.00.00;244,8800049;273,9299927;244,4799957;271,1600037;575237500
2023-09-25 00.00.00;250,2200012;254,7700043;234,5800018;243,3800049;588809000
2023-10-02 00.00.00;260,5299988;263,6000061;242,6199951;244,8099976;592798300
2023-10-09 00.00.00;251,1199951;268,9400024;250,2200012;255,3099976;541322100
2023-10-16 00.00.00;211,9900055;257,1799927;210,4199982;250,0500031;616410700
2023-10-23 00.00.00;207,3000031;222,0500031;202,5099945;210;585973400
2023-10-30 00.00.00;219,9600067;226,3699951;194,0700073;209,2799988;621700600
2023-11-06 00.00.00;214,6499939;226,3200073;205,6900024;223,9799957;613925200
2023-11-13 00.00.00;234,3000031;246,6999969;211,6100006;215,6000061;719922800
2023-11-20 00.00.00;235,4499969;244,0099945;231,0200043;234,0399933;421683900
2023-11-27 00.00.00;238,8300018;252,75;231,8999939;236,8899994;649667900
2023-12-04 00.00.00;243,8399963;246,6600037;233,2899933;235,75;578776200
2023-12-11 00.00.00;253,5;254,1300049;228,1999969;242,7400055;636290500
2023-12-18 00.00.00;252,5399933;259,8399963;247;253,7799988;551215200
2023-12-25 00.00.00;248,4799957;265,1300049;247,4299927;254,4900055;407898300
2024-01-01 00.00.00;237,4900055;251,25;234,8999939;250,0800018;420855000
2024-01-08 00.00.00;218,8899994;241,25;217,1499939;236,1399994;502418200
2024-01-15 00.00.00;212,1900024;223,4900055;207,5599976;215,1000061;429375100
2024-01-22 00.00.00;183,25;217,8000031;180,0599976;212,2599945;653348300
2024-01-29 00.00.00;187,9100037;196,3600006;182;185,6300049;540672800
2024-02-05 00.00.00;193,5700073;194,1199951;175,0099945;184,2599945;536015900
2024-02-12 00.00.00;199,9499969;203,1699982;182,1100006;192,1100006;495639600
2024-02-19 00.00.00;191,9700012;199,4400024;189,1300049;196,1300049;379627500
2024-02-26 00.00.00;202,6399994;205,6000061;192;192,2899933;488348800
2024-03-04 00.00.00;175,3399963;199,75;173,6999969;198,7299957;549590200
2024-03-11 00.00.00;163,5700073;182,8699951;160,5099945;175,4499969;502780200
2024-03-18 00.00.00;170,8300018;178,1799927;165,8999939;170,0200043;418091100
2024-03-25 00.00.00;175,7899933;184,25;168,7299957;168,7599945;346873600
2024-04-01 00.00.00;164,8999939;177,1900024;160,5099945;176,1699982;547482400
2024-04-08 00.00.00;171,0500031;179,2200012;167,7899933;169,3399963;451146100
2024-04-15 00.00.00;147,0500031;170,6900024;146,2200012;170,2400055;462858300
2024-04-22 00.00.00;168,2899933;172,1199951;138,8000031;140,5599976;649063900
2024-04-29 00.00.00;181,1900024;198,8699951;176,0200043;188,4199982;628370700
2024-05-06 00.00.00;168,4700012;187,5599976;167,75;183,8000031;377983200
2024-05-13 00.00.00;177,4600067;180;169;170;370347300
2024-05-20 00.00.00;179,2400055;186,8800049;173,2599945;177,5599976;402867400
2024-05-27 00.00.00;178,0800018;182,6699982;173,1600037;176,3999939;259452200
2024-06-03 00.00.00;177,4799957;182,6399994;172,1300049;178,1300049;312710900
2024-06-10 00.00.00;178,0099945;191,0800018;167,4100037;176,0599976;406948200
2024-06-17 00.00.00;183,0099945;188,8099976;177;177,9199982;296598800
2024-06-24 00.00.00;197,8800049;203,1999969;182,0099945;184,9700012;388819500
2024-07-01 00.00.00;251,5200043;252,3699951;200,8500061;201,0200043;661802000
2024-07-08 00.00.00;248,2299957;271;233,0899963;247,7100067;823613000
2024-07-15 00.00.00;239,1999969;265,6000061;236,8300018;255,9700012;587103100
2024-07-22 00.00.00;219,8000031;255,7599945;214,7100067;244,2100067;576337100
2024-07-29 00.00.00;207,6699982;234,6799927;205,7799988;224,8999939;464001100
2024-08-05 00.00.00;200;203,8800049;182;185,2200012;368934700
2024-08-12 00.00.00;216,1199951;219,8000031;194,6699982;199,0200043;389155900
2024-08-19 00.00.00;220,3200073;228,2200012;210,3200073;217,0700073;381622100
2024-08-26 00.00.00;214,1100006;219,0899963;202,5899963;218,75;311918400
2024-09-02 00.00.00;210,7299957;235;209,6399994;215,2599945;388898000
2024-09-09 00.00.00;230,2899933;232,6699982;213,6699982;216,1999969;361293200
2024-09-16 00.00.00;238,25;244,2400055;223,5299988;229,3000031;401668500
2024-09-23 00.00.00;260,4599915;261,75;241,9199982;242,6100006;378582800
2024-09-30 00.00.00;250,0800018;264,8599854;237,8099976;259,0400085;429389600
2024-10-07 00.00.00;217,8000031;249,8300018;214,3800049;249;416422000
2024-10-14 00.00.00;220,6999969;224,2599945;213,7400055;220,1300049;299317200
2024-10-21 00.00.00;269,1900024;269,4899902;212,1100006;218,8999939;537640400
2024-10-28 00.00.00;248,9799957;273,5400085;246,6300049;270;366289100
2024-11-04 00.00.00;321,2200012;328,7099915;238,8800049;244,5599976;625405600
2024-11-11 00.00.00;320,7200012;358,6400146;309,2200012;346,2999878;726819600
2024-11-18 00.00.00;352,5599976;361,5299988;330,0100098;340,730011;428431200
2024-11-25 00.00.00;345,1600037;361,9299927;326,5899963;360,1400146;253250800
2024-12-02 00.00.00;389,2200012;389,4899902;348,2000122;352,3800049;349924000
2024-12-09 00.00.00;436,230011;436,2999878;378,0100098;397,6099854;474962800
2024-12-16 00.00.00;421,0599976;488,5400085;417,6400146;441,0899963;645429900
2024-12-23 00.00.00;431,6600037;465,3299866;415,4100037;431;291283100
2024-12-30 00.00.00;410,4400024;427,9299927;373,0400085;419,3999939;346900100
2025-01-06 00.00.00;394,7399902;426,4299927;377,2900085;423,2000122;296542100
2025-01-13 00.00.00;426,5;439,7399902;380,0700073;383,2099915;396847600
2025-01-20 00.00.00;406,5799866;433,2000122;405,7799988;432,6400146;255401900
2025-01-27 00.00.00;404,6000061;419,9899902;384,4100037;394,7999878;356446300
2025-02-03 00.00.00;361,6199951;394;360,3399963;386,6799927;356244100
2025-02-10 00.00.00;355,8399963;362,7000122;325,1000061;356,2099915;459159800
2025-02-17 00.00.00;337,7999878;367,3399963;334,4200134;355,0100098;238750100
2025-02-24 00.00.00;292,980011;342,3999939;273,6000061;338,1400146;527844600
2025-03-03 00.00.00;262,6700134;303,9400024;250,7299957;300,3399963;537122100
2025-03-10 00.00.00;249,9799957;253,3699951;217,0200043;252,5399933;721244800
2025-03-17 00.00.00;248,7100067;249,5200043;222,2799988;245,0599976;567129000
2025-03-24 00.00.00;263,5499878;291,8500061;256,3299866;258,0799866;759452700
2025-03-31 00.00.00;239,4299927;284,9899902;236;249,3099976;810687300
2025-04-07 00.00.00;252,3099976;274,6900024;214,25;223,7799988;885161400
2025-04-14 00.00.00;241,3699951;261,7999878;233,8899994;258,3599854;375513000
2025-04-21 00.00.00;284,9500122;286,8500061;222,7899933;230,2599945;631033300
2025-04-28 00.00.00;287,2099915;294,8599854;270,7799988;288,980011;603713200
2025-05-05 00.00.00;298,2600098;307,0400085;271;284,5700073;472854500
2025-05-12 00.00.00;349,980011;351,6199951;311,5;321,9899902;580594900
2025-05-19 00.00.00;339,3399963;354,9899902;331,3900146;336,2999878;504708400
2025-05-26 00.00.00;346,4599915;367,7099915;345,2900085;347,3500061;423113400
2025-06-02 00.00.00;295,1400146;355,3999939;273,2099915;343,5;732357900
2025-06-09 00.00.00;325,3099976;335,5;281,8500061;285,9599915;648868600
2025-06-16 00.00.00;322,1600037;332,3599854;314,7399902;331,2900085;376034300
2025-06-23 00.00.00;323,6300049;357,5400085;317,5;327,5400085;594806000
2025-06-30 00.00.00;315,3500061;325,5799866;293,2099915;319,8999939;399306800
2025-07-07 00.00.00;313,5100098;314,0899963;288,769989;291,3699951;493613100
2025-07-14 00.00.00;329,6499939;330,8999939;310,5;317,730011;421062400
2025-07-21 00.00.00;316,0599976;338;300,4100037;334,3999939;550886000
2025-07-28 00.00.00;302,6300049;330,4899902;297,8200073;318,4500122;458356900
2025-08-04 00.00.00;329,6499939;335,1499939;303;309,0799866;373027800
2025-08-11 00.00.00;330,5599976;348,980011;327,019989;335;403001700
2025-08-18 00.00.00;340,0100098;340,5499878;314,6000061;329,6199951;360155100
2025-08-25 00.00.00;333,8699951;355,3900146;331,7000122;338,8999939;458467723
